sensor,start_C,end_C,rise_C,mean_C,p95_C,peak_C,peak_heat_rate_C_min,minimum_cool_rate_C_min
pack1_C,21.6195,23.9507,2.3312,23.0596,24.0408,24.1474,3.1305,-0.9837
pack2_C,21.7330,24.0901,2.3571,23.1432,24.1348,24.2355,2.6718,-1.0370
pack3_C,21.7531,24.1466,2.3934,23.2270,24.2297,24.3342,2.8695,-1.0654
pack4_C,21.8700,24.2302,2.3601,23.3118,24.3207,24.4339,2.8211,-1.0565
pack5_C,21.9306,24.3210,2.3904,23.3968,24.4160,24.5232,3.0413,-1.2326
pack6_C,21.9726,24.4574,2.4848,23.4808,24.5073,24.6420,3.0971,-1.1417
vesc_mosfet_C,23.0000,25.9570,2.9570,25.1648,26.3531,26.4544,2.1885,-0.9661
vesc_motor_or_safety_ntc_C,22.6000,24.4804,1.8804,23.8192,24.6114,24.6708,1.0352,-0.3648
enclosure_C,22.0000,23.1477,1.1477,22.6681,23.1720,23.1954,0.4537,-0.0907
